Name,Current Price,MRP,Discount,Delivery,Stars,Rating,Reviews
"Boult Drift+ Bluetooth Calling, 1.85"" HD, 500 Nits Brig...","₹1,299","₹8,499",84% off,Free delivery,4.1,"3,29,421 Ratings "," 19,269 Reviews"
"Boult Drift BT Calling HD Display, 140+ Watchfaces, Com...","₹1,099","₹7,999",86% off,Upto ,4.1,"3,29,421 Ratings "," 19,269 Reviews"
"Noise Icon Buzz 1.69"" Display with Bluetooth Calling, B...","₹1,099","₹4,999",78% off,Free delivery,4.1,"5,67,643 Ratings "," 37,149 Reviews"
"Noise Twist Go 1.39'' Display, Bluetooth Calling, Metal...","₹1,399","₹4,999",72% off,Free delivery,4.2,"1,34,469 Ratings "," 8,277 Reviews"
Fire-Boltt Ninja Calling Pro Plus 46.5mm (1.83) Display...,"₹1,399","₹9,999",86% off,Free delivery,4.1,"3,80,667 Ratings "," 46,716 Reviews"
"Boult CrownR Pro 1.43''HD AMOLED, BT Calling, Zinc Allo...","₹2,299","₹6,999",67% off,Free delivery,4.2,"35,384 Ratings "," 2,451 Reviews"
"boAt Lunar Discovery w/ Turn by Turn Navigation, 3.53 c...","₹1,499","₹8,499",82% off,Free delivery,4,"7,756 Ratings ", 522 Reviews
Noise Colorfit Icon 2 1.8'' Display with Bluetooth Call...,"₹1,399","₹5,999",76% off,Free delivery,4.1,"7,31,021 Ratings "," 40,745 Reviews"
Fire-Boltt Ninja Calling Pro Plus 46.5mm (1.83) Display...,"₹1,399","₹9,999",86% off,Free delivery,4.1,"3,80,667 Ratings "," 46,716 Reviews"
"boAt Wave Fury with 1.83'' HD Display, Bluetooth Callin...","₹1,399","₹6,999",80% off,Free delivery,4.1,"80,935 Ratings "," 3,895 Reviews"
"Boult Mirage 1.39"" Screen, BT Calling, Working Crown, Z...","₹1,799","₹4,999",64% off,Free delivery,4.1,"12,791 Ratings ", 774 Reviews
"Noise Twist Go 1.39'' Display, Bluetooth Calling, Metal...","₹1,399","₹4,999",72% off,Free delivery,4.2,"1,34,469 Ratings "," 8,277 Reviews"
Noise Colorfit Icon 2 1.8'' Display with Bluetooth Call...,"₹1,399","₹5,999",76% off,Free delivery,4.1,"7,31,021 Ratings "," 40,745 Reviews"
"Cellecor STEW 1.83"" BT Calling, 500 NITS, AI Voice Assi...",₹999,"₹3,999",75% off,Free delivery,4.2,"3,696 Ratings ", 263 Reviews
"Noise Icon 2 1.8'' Display with Bluetooth Calling, Wome...","₹1,399","₹5,999",76% off,Free delivery,4.1,"7,31,021 Ratings "," 40,745 Reviews"
Noise Colorfit Icon 2 1.8'' Display with Bluetooth Call...,"₹1,399","₹5,999",76% off,Free delivery,4.1,"7,31,021 Ratings "," 40,745 Reviews"
"Boult Drift+ Bluetooth Calling, 1.85"" HD, 500 Nits Brig...","₹1,299","₹8,499",84% off,Free delivery,4.1,"3,29,421 Ratings "," 19,269 Reviews"
"Boult Trail Pro 2.01'' 3D Curved Display + AMOLED, 600 ...","₹1,899","₹6,999",72% off,Free delivery,4.1,"1,605 Ratings ", 189 Reviews
"Fire-Boltt Rise Bluetooth Calling 47mm (1.85), Metal Bo...","₹1,499","₹11,999",87% off,Free delivery,4,"1,44,769 Ratings "," 14,252 Reviews"
Noise Colorfit Icon 2 1.8'' Display with Bluetooth Call...,"₹1,399","₹5,999",76% off,Free delivery,4.1,"7,31,021 Ratings "," 40,745 Reviews"
"GameSir T800 BT watch 1.83"" Screen Sunlight Proof Displ...",₹659,"₹1,999",67% off,Free delivery,N/A,N/A,N/A
"Boult CrownR Pro 1.43''HD AMOLED, BT Calling, Zinc Allo...","₹2,199","₹6,999",68% off,Free delivery,4.2,"35,384 Ratings "," 2,451 Reviews"
Fastrack Revoltt Pro-1.97'' Super AMOLED Display|AOD|Wo...,"₹2,499","₹4,999",50% off,Free delivery,4.3,"1,37,227 Ratings "," 9,217 Reviews"
GameSir I8 Pro Smart Watch Series 8 with multiple Featu...,₹692,"₹2,999",76% off,Free delivery,3.4,"5,042 Ratings ", 152 Reviews
Fire-Boltt Hurricane 33.02mm (1.3) Curved Glass Display...,"₹1,399","₹8,999",84% off,Free delivery,4.1,"2,88,410 Ratings "," 33,227 Reviews"
"Fire-Boltt Dream WristPhone - 4G SIM/LTE/WiFi, Android ...","₹3,999","₹24,999",84% off,Free delivery,3.7,"23,839 Ratings "," 5,006 Reviews"
"Boult Drift BT Calling 1.69"" HD Display, 140+ Watchface...","₹1,399","₹7,999",82% off,Free delivery,4.1,"3,29,421 Ratings "," 19,269 Reviews"
"Boult CrownR Pro 1.43''HD AMOLED, BT Calling, Zinc Allo...","₹2,399","₹6,999",65% off,Free delivery,4.2,"35,384 Ratings "," 2,451 Reviews"
GameSir I8 Pink-A1 Full Screen Touch Watch Specially Ma...,₹692,"₹1,999",65% off,Free delivery,3.4,"14,836 Ratings ", 455 Reviews
"Fire-Boltt Rise Bluetooth Calling 47mm (1.85), Metal Bo...","₹1,499","₹11,999",87% off,Free delivery,4,"1,44,769 Ratings "," 14,252 Reviews"
"Noise Champ 2 for Kids with Habit Building, IP69 Rating...","₹1,999","₹3,999",50% off,Free delivery,4.3,18 Ratings , 0 Reviews
"Boult Drift BT Calling HD Display, 140+ Watchfaces, Com...","₹1,099","₹7,999",86% off,Free delivery,4.1,"3,29,421 Ratings "," 19,269 Reviews"
Fire-Boltt 51.1mm (2.01) HD Display Buetooth Calling wi...,"₹1,399","₹14,999",90% off,Free delivery,4.1,"3,80,667 Ratings "," 46,716 Reviews"
"alt Hunk, 1.96"", BT Calling, 200 Watchfaces,120 Sports ...",₹899,"₹12,999",93% off,Free delivery,4.1,"3,102 Ratings ", 232 Reviews
"Noise Icon Buz 1.69"" Display with Bluetooth Calling, Bu...","₹1,199","₹4,999",76% off,Free delivery,4.1,"5,67,643 Ratings "," 37,149 Reviews"
Fastrack Optimus2 Pro-1.43'' AMOLED|Advanced Blazing Fa...,"₹2,499","₹3,999",37% off,Free delivery,4.3,"32,603 Ratings "," 2,083 Reviews"
"Nervfit Fuel S1 Pro 2.01"" Large HD Display, BT Calling,...","₹1,811","₹10,999",83% off,Free delivery,3.8,388 Ratings , 94 Reviews
"Boult Pyro Rotating Bezel, 1.43"" AMOLED, 600 Nits, BT C...","₹2,499","₹7,999",68% off,Free delivery,4.1,707 Ratings , 80 Reviews
"Fastrack FS1 Pro|World's First,1.96"" Super AMOLED|Highe...","₹2,695","₹7,995",66% off,Free delivery,4.3,"1,37,227 Ratings "," 9,217 Reviews"
"Fire-Boltt Clickk 54.1mm (2.12 inch) AMOLED Display, Fr...","₹6,399","₹24,999",74% off,Free delivery,3.6,"3,424 Ratings ", 582 Reviews
Noise Evolve 4 1.46 AMOLED Always On Display with Premi...,"₹2,999","₹7,999",62% off,Free delivery,4.3,"4,750 Ratings ", 329 Reviews
"Noise Icon 4 with Stunning 1.96'' AMOLED Display, Metal...","₹1,999","₹6,999",71% off,Free delivery,4.1,"7,31,021 Ratings "," 40,745 Reviews"
Noise Colorfit Icon 2 1.8'' Display with Bluetooth Call...,"₹1,399","₹5,999",76% off,Free delivery,4.1,"7,31,021 Ratings "," 40,745 Reviews"
Fastrack Revoltt X-1.83'|Blazing Fast UI|Single Sync BT...,"₹1,499","₹2,799",46% off,Upto ,4.2,"24,109 Ratings "," 1,043 Reviews"
"alt Pro, 1.45"" AMOLED, Single Chip Bluetooth Calling, 1...",₹999,"₹13,999",92% off,Free delivery,4.1,"9,056 Ratings ", 859 Reviews
Fire-Boltt Ninja Calling Pro Plus 46.5mm (1.83) Display...,"₹1,399","₹9,999",86% off,Free delivery,4.1,"3,80,667 Ratings "," 46,716 Reviews"
"Nervfit Fuel S1 Pro 2.01"" Large HD Display, BT Calling,...","₹1,695","₹10,999",84% off,Free delivery,4.2,34 Ratings , 7 Reviews
"Noise Crew Go with 1.39"" Display, BT Calling with Metal...","₹1,699","₹4,999",66% off,Free delivery,4.2,"13,506 Ratings ", 788 Reviews
"boAt Wave Fury with 1.83'' HD Display, Bluetooth Callin...","₹1,399","₹6,999",80% off,Free delivery,4.1,"80,935 Ratings "," 3,895 Reviews"
Noise Colorfit Icon 2 1.8'' Display with Bluetooth Call...,"₹1,399","₹5,999",76% off,Free delivery,4.1,"7,31,021 Ratings "," 40,745 Reviews"
"Noise Vision 3 with 1.96"" AMOLED display with Thin Beze...","₹2,599","₹7,999",67% off,Free delivery,4.2,"32,119 Ratings "," 2,236 Reviews"
"Noise Crew 1.38 Round Display with Bluetooth Calling, M...","₹1,399","₹4,999",72% off,Free delivery,4.2,"1,34,469 Ratings "," 8,277 Reviews"
"boAt Storm Call w/ 4.29 cm(1.69""), BT Calling & 550 Nit...","₹1,349","₹7,990",83% off,Free delivery,4.1,"3,56,689 Ratings "," 20,875 Reviews"
Fire-Boltt Ninja Calling Pro Plus 46.5mm (1.83) Display...,"₹1,399","₹9,999",86% off,Free delivery,4.1,"3,80,667 Ratings "," 46,716 Reviews"
Fire-Boltt Ninja Calling Pro Plus 46.5mm (1.83) Display...,"₹1,399","₹9,999",86% off,Free delivery,4.1,"3,80,667 Ratings "," 46,716 Reviews"
"Noise Icon 3 1.91"" Display with Bluetooth Calling, Meta...","₹1,199","₹7,999",85% off,Free delivery,3.9,"71,538 Ratings "," 4,699 Reviews"
Noise Evolve 4 1.46 AMOLED Always On Display with Premi...,"₹3,499","₹8,999",61% off,Free delivery,4.3,"4,750 Ratings ", 329 Reviews
"Noise Icon 2 2025 - 1.81"" Display, 500 NITS BrightnessB...","₹1,299","₹5,999",78% off,Free delivery,4.1,"5,67,643 Ratings "," 37,149 Reviews"
"boAt Wave Fury with 1.83'' HD Display, Bluetooth Callin...","₹1,399","₹6,999",80% off,Free delivery,4.1,"80,935 Ratings "," 3,895 Reviews"
GameSir H9 Black-A1 Full Screen Touch Watch Specially M...,₹939,"₹3,999",76% off,Free delivery,3.7,"1,408 Ratings ", 51 Reviews
"Nervfit Vibe 1.85"" Display, BT Calls, Waterproof, HR/BP...","₹1,488","₹7,999",81% off,Free delivery,4.4,105 Ratings , 64 Reviews
"Nervfit Blaze Sports 1.4"" LED, BT Call, 3 ATM Waterproo...","₹2,498","₹12,999",80% off,Free delivery,4.8,8 Ratings , 7 Reviews
"alt OG Bluetooth Calling, 1.69"" HD Display with AI Voic...",₹949,"₹6,999",86% off,Free delivery,4,"44,741 Ratings "," 3,925 Reviews"
Fastrack Revoltt FS1-1.83''|BT Calling|Fast Charge|110+...,"₹1,499","₹3,995",62% off,Free delivery,4.2,"3,16,085 Ratings "," 20,634 Reviews"
Fastrack Revoltt FR2-1.38''|Advanced Blazing Fast UI|Wo...,"₹1,699","₹3,999",57% off,Free delivery,4.2,"63,802 Ratings "," 2,893 Reviews"
Fastrack Revolt X-1.83'|Blazing Fast UI|Single Sync BT ...,"₹1,499","₹2,799",46% off,Free delivery,4.2,"24,109 Ratings "," 1,043 Reviews"
"Noise Icon 4 with Stunning 1.96'' AMOLED Display, Metal...","₹1,999","₹6,999",71% off,Free delivery,4.1,"7,31,021 Ratings "," 40,745 Reviews"
"WTG H20 Bluetooth calling 1.99"" AMOLED Display Music Wi...","₹1,224","₹3,999",69% off,Free delivery,4.2,5 Ratings , 1 Reviews
Fire-Boltt Ninja Talk 35.3mm (1.39) Round Bluetooth Cal...,"₹1,399","₹11,999",88% off,Free delivery,4.1,"3,72,371 Ratings "," 61,539 Reviews"
Fastrack Optimus Pro with 1.43 AMOLED Display & AOD(466...,"₹2,995","₹5,995",50% off,Free delivery,4.3,"32,603 Ratings "," 2,083 Reviews"
"Boult Crown 1.95'' Screen, BT Calling, Working Crown, Z...","₹1,499","₹4,499",66% off,Free delivery,4.2,"1,04,703 Ratings "," 7,847 Reviews"
"Noise Vision 3 with 1.96"" AMOLED display with Thin Beze...","₹2,999","₹7,999",62% off,Free delivery,4.2,"32,119 Ratings "," 2,236 Reviews"
Fire-Boltt Nnja Talk 35.3mm (1.39) Round Bluetooth Call...,"₹1,399","₹11,999",88% off,Free delivery,4.1,"3,72,371 Ratings "," 61,539 Reviews"
"Noise Twist Go 1.39'' Display, Bluetooth Calling, Metal...","₹1,399","₹4,999",72% off,Free delivery,4.2,"1,34,469 Ratings "," 8,277 Reviews"
Fastrack Revoltt FS1-1.85''|Advanced Blazing Fast UI|Wo...,"₹1,399","₹3,799",63% off,Free delivery,4.2,"3,16,085 Ratings "," 20,634 Reviews"
Fastrack Revoltt FS2+|2.01'' Display|Functional Crown|B...,"₹1,599","₹2,995",46% off,Free delivery,4.3,"27,827 Ratings "," 1,552 Reviews"
"Noise Pulse 3 1.96'' Display, BT Calling, 100 Sports Mo...","₹1,399","₹6,999",80% off,Free delivery,4.1,"66,114 Ratings "," 3,707 Reviews"
"Noise Vortex Plus, 1.46'' AMOLED Display, BT Calling, S...","₹2,999","₹6,999",57% off,Free delivery,4.2,"98,393 Ratings "," 7,315 Reviews"
Fastrack Revoltt X2 with 1.91'' BT Calling|Rotating Cro...,"₹1,699","₹2,995",43% off,Free delivery,4.2,"1,298 Ratings ", 76 Reviews
Fire-Boltt Hurricane 33.02mm (1.3) Curved Glass Display...,"₹1,399","₹8,999",84% off,Free delivery,4.1,"2,88,410 Ratings "," 33,227 Reviews"
"Boult Striker+ 1.39"" HD, BT Calling, Zinc Alloy Frame, ...","₹1,299","₹3,999",67% off,Free delivery,3.9,"8,558 Ratings ", 627 Reviews
"Noise Pulse 3 1.96'' Display, BT Calling, 100 Sports Mo...","₹1,399","₹6,999",80% off,Free delivery,4.1,"66,114 Ratings "," 3,707 Reviews"
Fastrack Revolt Pro-1.97'' Super AMOLED Display|AOD|Wor...,"₹2,499","₹4,999",50% off,Free delivery,4.3,"1,37,227 Ratings "," 9,217 Reviews"
"boAt Storm Infinity, 15 Days Huge Battery(550 mAh), Fas...","₹1,599","₹5,999",73% off,Bank Offer,4.2,997 Ratings , 187 Reviews
Fire-Boltt Ninja Calling Pro Plus 46.5mm (1.83) Display...,"₹1,399","₹9,999",86% off,Free delivery,4.1,"3,80,667 Ratings "," 46,716 Reviews"
"Cellecor STEW 1.83"" BT Calling, 500 NITS, AI Voice Assi...",₹999,"₹3,999",75% off,Free delivery,4.2,"3,696 Ratings ", 263 Reviews
"Nervfit Maverick 1.78"" AMOLED Smart Watch with AOD, BT ...","₹2,184","₹19,999",89% off,Free delivery,4,21 Ratings , 7 Reviews
"Boult Drift+ Bluetooth Calling, 1.85"" HD, 500 Nits Brig...","₹1,499","₹8,499",82% off,Free delivery,4.1,"3,29,421 Ratings "," 19,269 Reviews"
"Fire-Boltt Rise Bluetooth Calling 47mm (1.85), Metal Bo...","₹1,499","₹11,999",87% off,Free delivery,4,"1,44,769 Ratings "," 14,252 Reviews"
Fastrack FR1|1.39 inch Super UltraVU Display(360*360)|A...,"₹1,795","₹5,995",70% off,Free delivery,4.2,"13,796 Ratings ", 751 Reviews
Noise Evolve 4 1.46 AMOLED Always On Display with Premi...,"₹2,999","₹7,999",62% off,Free delivery,4.3,"4,750 Ratings ", 329 Reviews
"Noise 1.96"" Amoled Display with AI Watch Faces & AI Com...","₹7,499","₹10,499",28% off,Free delivery,4,225 Ratings , 21 Reviews
Fastrack Revoltt FS2+|2.01'' Display|Functional Crown|B...,"₹1,499","₹2,995",49% off,Free delivery,4.3,"27,827 Ratings "," 1,552 Reviews"
"Noise Icon 4 with Stunning 1.96'' AMOLED Display, Metal...","₹1,999","₹6,999",71% off,Free delivery,4.1,"7,31,021 Ratings "," 40,745 Reviews"
"boAt Lunar Discovery w/ Turn by Turn Navigation, 3.53 c...","₹1,499","₹8,499",82% off,Free delivery,4,"7,756 Ratings ", 522 Reviews
"Fastrack FS1 Pro|World's First,1.96"" Super AMOLED|Highe...","₹2,695","₹7,995",66% off,Free delivery,4.3,"1,37,227 Ratings "," 9,217 Reviews"
"Boult Drift BT Calling HD Display, 140+ Watchfaces, Com...","₹1,099","₹7,999",86% off,Free delivery,4.1,"3,29,421 Ratings "," 19,269 Reviews"
"Nervfit New Launch Phoenix Sports 1.85"" LED, Solid Buil...","₹2,119","₹10,999",80% off,Free delivery,3.3,N/A,N/A
Fire-Boltt Hunter 51.1mm (2.01) HD Display Buetooth Cal...,"₹1,399","₹14,999",90% off,Free delivery,4.1,"3,80,667 Ratings "," 46,716 Reviews"
"Noise Icon 3 Plus with 2"" HD Display, Metal Dial, Funct...","₹1,499","₹6,999",78% off,Free delivery,4.1,"8,366 Ratings ", 628 Reviews
"Nervfit Vibe 1.85"" Display, BT Calls, Waterproof, HR/BP...","₹1,498","₹7,999",81% off,Free delivery,4.4,105 Ratings , 64 Reviews
"Noise Icon 4 with Stunning 1.96'' Display, Metallic Fin...","₹1,999","₹6,999",71% off,Free delivery,4.1,"7,31,021 Ratings "," 40,745 Reviews"
"alt OG Bluetooth Calling, 1.69"" HD Display with AI Voic...",₹999,"₹6,999",85% off,Free delivery,4,"44,741 Ratings "," 3,925 Reviews"
"GameSir H9 2.01"" Display Amoled, Bluetooth calling, Hea...",₹914,"₹3,999",77% off,Free delivery,4,64 Ratings , 2 Reviews
boAt 3.86 cm(1.52'') HD Display & Advanced Bluetooth Ca...,"₹1,599","₹7,999",80% off,Free delivery,4,"42,862 Ratings "," 2,569 Reviews"
"Fire-Boltt Cobra 45.2mm (1.78) AMOLED Army Grade Build,...","₹1,279","₹19,999",93% off,Free delivery,3.9,"77,186 Ratings "," 14,534 Reviews"
PunnkFunnk T800 ultra Series 8 smart watch with AI assi...,₹685,"₹2,999",77% off,Free delivery,3.6,"5,069 Ratings ", 176 Reviews
"Melbon H20 Ultra Bluetooth calling, Phone Book,Music Co...","₹1,283","₹2,999",57% off,Free delivery,3.6,579 Ratings , 10 Reviews
Noise Icon 2 Elite Edition 1.8'' Display with Metallic ...,"₹1,599","₹6,999",77% off,Free delivery,4.1,"7,31,021 Ratings "," 40,745 Reviews"
Fastrack Revoltt FS1-1.83''|BT Calling|Fast Charge|110+...,"₹1,499","₹3,995",62% off,Free delivery,4.7,N/A,N/A
"GameSir T500 Pro Max Stay Connected with YouTube, Faceb...",₹717,"₹2,999",76% off,Free delivery,3.3,"1,906 Ratings ", 54 Reviews
"Boult Trail 2.01"" 3D Curved HD Display, Working Crown, ...","₹1,329","₹6,999",81% off,Free delivery,4.1,"28,376 Ratings "," 2,341 Reviews"
Noise Loop 1.85'' Display with Advanced Bluetooth Calli...,"₹1,099","₹6,999",84% off,Free delivery,4.1,"66,114 Ratings "," 3,707 Reviews"
"Noise Vortex Plus, 1.46'' AMOLED Display, BT Calling, S...","₹2,199","₹6,999",68% off,Free delivery,4.2,"98,393 Ratings "," 7,315 Reviews"
"Boult Dire 1.38'' 2.5D Curved HD Display, 500Nits, 250+...","₹1,499","₹4,999",70% off,Free delivery,4,"1,971 Ratings ", 130 Reviews
"Cellecor RAY 1.43"" AMOLED Display | 700 NITS | AOD | BT...",₹999,"₹8,999",88% off,Free delivery,4.2,523 Ratings , 72 Reviews
"Boult Trail 2.01"" 3D Curved HD Display, Working Crown, ...","₹1,299","₹6,999",81% off,Free delivery,4.1,"28,376 Ratings "," 2,341 Reviews"
"Noise Halo 2 1.43"" AMOLED, Rotating Axe-Cut Bezel, Stai...","₹4,499","₹6,999",35% off,Free delivery,4.2,"1,492 Ratings ", 142 Reviews
Fastrack FS1-1.83''|BT Calling|Fast Charge|110+ Sports ...,"₹1,499","₹3,995",62% off,Free delivery,4.2,"3,16,085 Ratings "," 20,634 Reviews"
"GameSir Silver T800 Ultra Smartwatch Stainless Steel, B...",₹801,"₹3,999",79% off,Free delivery,3.6,"1,564 Ratings ", 72 Reviews
"Noise Crew Go with 1.39"" Display, BT Calling with Metal...","₹1,699","₹4,999",66% off,Free delivery,4.2,"13,506 Ratings ", 788 Reviews
"Boult Drift+ Bluetooth Calling, 1.85"" HD, 500 Nits Brig...","₹1,399","₹8,499",83% off,Free delivery,4.1,"3,29,421 Ratings "," 19,269 Reviews"
Fastrack X-1.83'|Blazing Fast UI|Single Sync BT Calling...,"₹1,499","₹3,995",62% off,Free delivery,4.3,"29,477 Ratings "," 2,359 Reviews"
GameSir T800 Ultra Metal Silver Smartwatch with Bluetoo...,₹807,"₹3,999",79% off,Bank Offer,3.6,"1,564 Ratings ", 72 Reviews
"Fire-Boltt Rise Luxe Stainless Steel Luxury, 47mm (1.85...","₹1,599","₹14,999",89% off,Free delivery,4,"1,44,769 Ratings "," 14,252 Reviews"
Titan Zeal-1.85''|AMOLED|700 Nits|AOD|Premium Design|Fu...,"₹3,999","₹12,995",69% off,Free delivery,4.1,396 Ratings , 27 Reviews
"Nervfit Blaze Sports 1.4"" LED, BT Call, 3 ATM Waterproo...","₹2,398","₹12,999",81% off,Free delivery,4.8,8 Ratings , 7 Reviews
"Noise Pro 5 Max 1.96 AMOLED Display, Post Workout Analy...","₹4,499","₹10,999",59% off,Free delivery,4.1,502 Ratings , 46 Reviews
Fire-Boltt Ninja Talk 35.3mm (1.39) Round Bluetooth Cal...,"₹1,599","₹11,999",86% off,Free delivery,4.1,"3,72,371 Ratings "," 61,539 Reviews"
Fastrack XR1-1.38|BT Calling|Fast Charge|100+ Sports Mo...,"₹1,499","₹3,995",62% off,Free delivery,4.2,"63,802 Ratings "," 2,893 Reviews"
Noise Pro 6 1.85'' Amoled Dispay with A Watch Faces & A...,"₹5,999","₹8,999",33% off,Free delivery,4,225 Ratings , 21 Reviews
"Noise Ultra 3 Luminary 1st Ever Personalised Alert, 1.9...","₹3,499","₹7,999",56% off,Free delivery,4.2,"32,119 Ratings "," 2,236 Reviews"
"boAt Lunar Discovery w/ Turn by Turn Navigation, 3.53 c...","₹1,499","₹8,499",82% off,Free delivery,4,"7,756 Ratings ", 522 Reviews
"alt OG Bluetooth Calling, 1.69"" HD Display with AI Voic...",₹949,"₹6,999",86% off,Free delivery,4,"44,741 Ratings "," 3,925 Reviews"
"Noise Crew 1.38 Round Display with Bluetooth Calling, M...","₹1,399","₹4,999",72% off,Free delivery,4.2,"1,34,469 Ratings "," 8,277 Reviews"
"Noise Crew 1.38 Round Display with Bluetooth Calling, M...","₹1,399","₹4,999",72% off,Free delivery,4.2,"1,34,469 Ratings "," 8,277 Reviews"
"Noise Pro 5 1.85 AMOLED Always-on Display, DIY Watch fa...","₹3,499","₹9,999",65% off,Free delivery,4.3,"20,117 Ratings "," 1,409 Reviews"
"Boult Drift+ Bluetooth Calling, 1.85"" HD, 500 Nits Brig...","₹1,299","₹8,499",84% off,Free delivery,4.1,"3,29,421 Ratings "," 19,269 Reviews"
GameSir H9 Pink-A1 Full Screen Touch Watch Specially Ma...,₹920,"₹3,999",76% off,Free delivery,3.9,"1,396 Ratings ", 31 Reviews
"Boult Dire 1.38'' 2.5D Curved HD Display, 500Nits, 250+...","₹1,499","₹4,999",70% off,Free delivery,4,"1,971 Ratings ", 130 Reviews
"Noise Pro 5 1.85 AMOLED Always-on Display, DIY Watch fa...","₹3,499","₹9,999",65% off,Free delivery,4.3,"20,117 Ratings "," 1,409 Reviews"
"Noise Icon 2 2025 - 1.81"" Display, 500 NITS BrightnessB...","₹1,299","₹5,999",78% off,Free delivery,4.1,"5,67,643 Ratings "," 37,149 Reviews"
"boAt Storm Call w/ 4.29 cm(1.69""), BT Calling & 550 Nit...","₹1,349","₹7,990",83% off,Free delivery,4.1,"3,56,689 Ratings "," 20,875 Reviews"
"alt Vibe BT Calling with 1.38 inch HD Display, my QR Co...",₹999,"₹10,999",90% off,Free delivery,4,"8,637 Ratings ", 737 Reviews
"Noise Icon Buzz 1.69"" Display with Bluetooth Calling, W...","₹1,199","₹4,999",76% off,Free delivery,4.1,"5,67,643 Ratings "," 37,149 Reviews"
Fire-Boltt Ninja Talk 35.3mm (1.39) Round Bluetooth Cal...,"₹1,799","₹11,999",85% off,Free delivery,4.1,"3,72,371 Ratings "," 61,539 Reviews"
"Noise Pro 6 Max 1.96"" Amoled Display with AI Watch Face...","₹7,499","₹10,499",28% off,Free delivery,4,225 Ratings , 21 Reviews
"Noise Icon 2 2025 - 1.81"" Display, 500 NITS BrightnessB...","₹1,299","₹5,999",78% off,Free delivery,4.1,"5,67,643 Ratings "," 37,149 Reviews"
"boAt Wave Call 2 Plus with 1.96’’(4.97cm), BT Calling, ...","₹1,449","₹7,499",80% off,Free delivery,4.1,"1,915 Ratings ", 91 Reviews
Fire-Boltt Hunter 51.1mm (2.01) HD Display Buetooth Cal...,"₹1,399","₹14,999",90% off,Free delivery,4.1,"3,80,667 Ratings "," 46,716 Reviews"
"Noise Pulse 3 1.96'' Display, BT Calling, 100 Sports Mo...","₹1,399","₹6,999",80% off,Free delivery,4.1,"66,114 Ratings "," 3,707 Reviews"
Noise Pro 6 1.85'' Amoled Dispay with AI Watch Faces & ...,"₹5,999","₹8,999",33% off,Free delivery,4,225 Ratings , 21 Reviews
"CMF by Nothing Watch Pro 2, 1.32"" AMOLED, auto-brightne...","₹4,199","₹5,499",23% off,Free delivery,4.4,"14,655 Ratings "," 1,264 Reviews"
"Fire-Boltt Clickk 54.1mm (2.12 inch) AMOLED Display, Fr...","₹6,399","₹24,999",74% off,Free delivery,3.6,"3,424 Ratings ", 582 Reviews
"Noise Icon Buzz 1.69"" Display with Bluetooth Calling, B...","₹1,199","₹4,999",76% off,Free delivery,4.1,"5,67,643 Ratings "," 37,149 Reviews"
"boAt Storm Call 3 Plus w/ Turn by Turn Navigation, QR T...","₹1,449","₹7,499",80% off,Free delivery,4,"44,918 Ratings "," 2,507 Reviews"
PunnkFunnk Trendy Design–The Perfect Valentine’s Gift f...,"₹1,373","₹4,999",72% off,Free delivery,3.9,24 Ratings , 0 Reviews
"Noise Vision 3 with 1.96"" AMOLED display with Thin Beze...","₹2,599","₹7,999",67% off,Free delivery,4.2,"32,119 Ratings "," 2,236 Reviews"
Fastrack Revoltt FR2Pro-1.43''|Premium Fashion|Metal De...,"₹3,499","₹5,499",36% off,Free delivery,4.4,"3,364 Ratings ", 222 Reviews
"Fire-Boltt Rise Luxe Stainless Steel Luxury, 47mm (1.85...","₹1,599","₹14,999",89% off,Free delivery,4,"1,44,769 Ratings "," 14,252 Reviews"
"Prowatch V1,1.85"" AMOLED Display, 2.5D GPU Engine, AOD,...","₹2,399","₹4,999",52% off,Free delivery,4,42 Ratings , 3 Reviews
"Noise Icon 4 with Stunning 1.96'' AMOLED Display, Metal...","₹1,999","₹6,999",71% off,Free delivery,4.1,"7,31,021 Ratings "," 40,745 Reviews"
"Noise Icon 2 2025 - 1.81"" Display, 500 NITS BrightnessB...","₹1,299","₹5,999",78% off,Free delivery,4.1,"5,67,643 Ratings "," 37,149 Reviews"
"boAt Call 2 Plus with 1.96’’(4.97cm), BT Calling, Bilin...","₹1,449","₹7,499",80% off,Upto ,4.1,"1,915 Ratings ", 91 Reviews
"boAt Storm Infinity, 15 Days Huge Battery(550 mAh), Fas...","₹1,599","₹5,999",73% off,Free delivery,4.2,997 Ratings , 187 Reviews
Fire-Boltt Hurricane 33.02mm (1.3) Curved Glass Display...,"₹1,399","₹8,999",84% off,Free delivery,4.1,"2,88,410 Ratings "," 33,227 Reviews"
"Noise Vision 3 with 1.96"" AMOLED display with Thin Beze...","₹2,999","₹7,999",62% off,Free delivery,4.2,"32,119 Ratings "," 2,236 Reviews"
"Prowatch V1,1.85"" AMOLED Display, 2.5D GPU Engine, AOD,...","₹2,399","₹4,999",52% off,Free delivery,4,42 Ratings , 3 Reviews
Fastrack Revoltt Pro-1.97'' Super AMOLED Display|AOD|Wo...,"₹2,499","₹4,999",50% off,Free delivery,4.3,"1,37,227 Ratings "," 9,217 Reviews"
"Fire-Boltt Dream WristPhone - 4G SIM/LTE/WiFi, Android ...","₹3,999","₹24,999",84% off,Free delivery,3.7,"23,839 Ratings "," 5,006 Reviews"
"Prowatch V1,1.85"" AMOLED Display, 2.5D GPU Engine, AOD,...","₹2,399","₹4,999",52% off,Free delivery,4,42 Ratings , 3 Reviews
"Prowatch V1,1.85"" AMOLED Display, 2.5D GPU Engine, AOD,...","₹2,399","₹4,999",52% off,Free delivery,4,42 Ratings , 3 Reviews
"Cellecor 1.83"" BT Calling, 500 NITS, AI Voice Assistant...",₹999,"₹3,999",75% off,Free delivery,4.2,"3,696 Ratings ", 263 Reviews
"alt Hunk, 1.96"", BT Calling, 200 Watchfaces,120 Sports ...",₹899,"₹12,999",93% off,Free delivery,4.1,"3,102 Ratings ", 232 Reviews
"alt Hunk, 1.96"", BT Calling, 200 Watchfaces,120 Sports ...",₹899,"₹12,999",93% off,Free delivery,4.1,"3,102 Ratings ", 232 Reviews
"Fire-Boltt Obsidian 33.5mm (1.3 inch) AMOLED, Bluetooth...","₹2,299","₹21,000",89% off,Free delivery,4.1,"1,081 Ratings ", 104 Reviews
"Nervfit New Launch Phoenix Sports 1.85"" LED Display, BT...","₹2,119","₹10,999",80% off,Free delivery,3.3,N/A,N/A
GameSir I8 Pink-A1 Full Screen Touch Watch Specially Ma...,₹694,"₹2,999",76% off,Free delivery,3.4,843 Ratings , 24 Reviews
"alt Vibe BT Calling with 1.38 inch HD Display, my QR Co...",₹899,"₹10,999",91% off,Free delivery,4,"8,637 Ratings ", 737 Reviews
"Noise Ultra 3 Luminary 1st Ever Personalised Alert, 1.9...","₹2,999","₹6,999",57% off,Free delivery,4.2,"32,119 Ratings "," 2,236 Reviews"
GameSir T800 Bluetooth Calling Touch Watch with IP67 Wa...,₹726,"₹1,999",63% off,Free delivery,3.5,"2,562 Ratings ", 66 Reviews
"Noise 2 1.43"" AMOLED, Rotating Cut Bezel, Stainless Ste...","₹4,499","₹6,999",35% off,Free delivery,4.2,"1,492 Ratings ", 142 Reviews
Fastrack Revoltt FS1-1.83''|BT Calling|Fast Charge|110+...,"₹1,499","₹3,995",62% off,Free delivery,4.2,"3,16,085 Ratings "," 20,634 Reviews"
"Noise Vortex Plus, 1.46'' AMOLED Display, BT Calling, S...","₹2,199","₹6,999",68% off,Free delivery,4.2,"98,393 Ratings "," 7,315 Reviews"
Fire-Boltt Brillia 51.3mm (2.06 inch) Largest AMOLED Di...,"₹1,999","₹18,999",89% off,Free delivery,4.2,"15,865 Ratings "," 2,046 Reviews"
Fastrack Revoltt X2 with 1.91'' BT Calling|Rotating Cro...,"₹1,699","₹2,995",43% off,Free delivery,4.2,"1,298 Ratings ", 76 Reviews
"Noise Pulse 3 1.96'' Display, BT Calling, 100 Sports Mo...","₹1,399","₹6,999",80% off,Free delivery,4.1,"66,114 Ratings "," 3,707 Reviews"
"Noise Pro 5 1.85 AMOLED Always-on Display, DIY Watch fa...","₹3,499","₹8,999",61% off,Free delivery,4.3,"20,117 Ratings "," 1,409 Reviews"
"ULTRON Trendy latest Gen9 smartwatch, Golden & Pink str...","₹1,048","₹4,999",79% off,Free delivery,3.9,"1,598 Ratings ", 68 Reviews
"Noise Crew 1.38 Round Display with Bluetooth Calling, M...","₹1,599","₹5,999",73% off,Free delivery,4.2,"1,34,469 Ratings "," 8,277 Reviews"
"Noise Pro 6 Max 1.96"" Amoled Display with AI Watch Face...","₹7,499","₹9,999",25% off,Free delivery,4,225 Ratings , 21 Reviews
"Nervfit Vibe 1.85"" Display, BT Calls, Waterproof, HR/BP...","₹1,488","₹7,999",81% off,Free delivery,4.4,105 Ratings , 64 Reviews
Fastrack Revoltt FS2Pro-1.96''|Super AMOLED Curved|Prem...,"₹3,499","₹5,999",41% off,Free delivery,4.3,508 Ratings , 45 Reviews
"Noise Icon 4 with Stunning 1.96'' AMOLED Display, Metal...","₹1,999","₹6,999",71% off,Free delivery,4.1,"7,31,021 Ratings "," 40,745 Reviews"
Fire-Boltt Brillia 51.3mm (2.06 inch) Largest AMOLED Di...,"₹1,999","₹18,999",89% off,Free delivery,4.2,"15,865 Ratings "," 2,046 Reviews"
"CMF by Nothing Watch Pro 2, 1.32"" AMOLED, auto-brightne...","₹4,999","₹5,499",9% off,Free delivery,4.4,"14,655 Ratings "," 1,264 Reviews"
"GameSir Mebon T800 Ultra 1.96"" AMOLED Display BT Callin...",₹694,"₹2,999",76% off,Free delivery,3.6,"1,530 Ratings ", 37 Reviews
"Melbon Pink I8 Pro Watch 1.69” LCD Display, Multiple Wa...",₹722,"₹1,999",63% off,Free delivery,3.5,"5,845 Ratings ", 148 Reviews
"alt OG Bluetooth Calling, 1.69"" HD Display with AI Voic...","₹1,099","₹6,999",84% off,Free delivery,4,"44,741 Ratings "," 3,925 Reviews"
Fastrack Revoltt FS2+|2.01'' Display|Functional Crown|B...,"₹1,499","₹2,995",49% off,Free delivery,4.3,"27,827 Ratings "," 1,552 Reviews"
"Noise Ultra 3 Luminary 1st Ever Personalised Alert, 1.9...","₹2,999","₹6,999",57% off,Free delivery,4.2,"32,119 Ratings "," 2,236 Reviews"
"Noise Ultra 3 Luminary 1st Ever Personalised Alert, 1.9...","₹2,999","₹6,999",57% off,Free delivery,4.2,"32,119 Ratings "," 2,236 Reviews"
"Fire-Boltt Clickk 54.1mm (2.12 inch) AMOLED Display, Fr...","₹6,399","₹24,999",74% off,Free delivery,3.6,"3,424 Ratings ", 582 Reviews
"Noise Mettle 1.4'' display, Stainless Steel finish with...","₹2,199","₹7,999",72% off,Upto ,4.1,"18,828 Ratings "," 1,113 Reviews"
"Fire-Boltt Obsidian 33.5mm (1.3 inch) AMOLED, Bluetooth...","₹2,299","₹21,000",89% off,Free delivery,4.1,"1,081 Ratings ", 104 Reviews
"Noise Icon 3 1.91"" Display with Bluetooth Calling, Meta...","₹1,199","₹7,999",85% off,Free delivery,3.9,"71,538 Ratings "," 4,699 Reviews"
"Noise Halo 2 1.43"" AMOLED, Rotating Axe-Cut Bezel, Stai...","₹4,499","₹6,999",35% off,Free delivery,4.2,"1,492 Ratings ", 142 Reviews
"Melbon SafeGuard 4G/5G Smartwatch: GPS Locator, Two-Way...","₹2,755","₹3,999",31% off,Free delivery,4,7 Ratings , 0 Reviews
Noise Colorfit Icon 2 1.8'' Display with Bluetooth Call...,"₹1,399","₹5,999",76% off,Free delivery,4.1,"7,31,021 Ratings "," 40,745 Reviews"
"Noise Vision 3 with 1.96"" AMOLED display with Thin Beze...","₹2,599","₹7,999",67% off,Free delivery,4.2,"32,119 Ratings "," 2,236 Reviews"
"Noise Icon 2 2025 - 1.81"" Display, 500 NITS BrightnessB...","₹1,299","₹5,999",78% off,Free delivery,4.1,"5,67,643 Ratings "," 37,149 Reviews"
Noise Evolve 4 1.46 AMOLED Always On Display with Premi...,"₹2,499","₹7,999",68% off,Free delivery,4.2,"3,821 Ratings ", 353 Reviews
"Noise Halo 2 1.43"" AMOLED, Rotating Axe-Cut Bezel, Stai...","₹4,499","₹6,999",35% off,Free delivery,4.2,"1,492 Ratings ", 142 Reviews
"Noise Diva 2 Women's Collection, 36mm AMOLED Display, S...","₹4,999","₹6,999",28% off,Free delivery,4.1,284 Ratings , 26 Reviews
Noise Evolve 4 1.46 AMOLED Always On Display with Premi...,"₹3,499","₹8,999",61% off,Free delivery,4.3,"4,750 Ratings ", 329 Reviews
"CMF by Nothing Watch Pro 2, 1.32"" AMOLED, auto-brightne...","₹4,199","₹5,499",23% off,Free delivery,4.4,"14,655 Ratings "," 1,264 Reviews"
"Melbon SafeGuard 4G/5G Smartwatch: GPS Locator, Two-Way...","₹2,755","₹3,999",31% off,Free delivery,4,7 Ratings , 0 Reviews
"Noise Ultra 3 Luminary 1st Ever Personalised Alert, 1.9...","₹3,499","₹6,999",50% off,Free delivery,4.2,"32,119 Ratings "," 2,236 Reviews"
Noise Loop 1.85'' Display with Advanced Bluetooth Calli...,"₹1,099","₹6,999",84% off,Free delivery,4.1,"66,114 Ratings "," 3,707 Reviews"
"Boult Crown 1.95'' Screen, BT Calling, Working Crown, Z...","₹1,399","₹4,499",68% off,Free delivery,4.2,"1,04,703 Ratings "," 7,847 Reviews"
PunnkFunnk Women Men Heart Rate Blood Pressure Fitness ...,"₹1,373","₹4,999",72% off,Free delivery,3.6,570 Ratings , 24 Reviews
PunnkFunnk Bluetooth calling watch 5 Days Battery Voice...,₹699,"₹1,999",65% off,Free delivery,3.6,18 Ratings , 1 Reviews
Fastrack Revoltt FR2-1.38''|Advanced Blazing Fast UI|Wo...,"₹1,699","₹3,999",57% off,Free delivery,4.2,"63,802 Ratings "," 2,893 Reviews"
"Noise Icon 3 1.91"" Display with Bluetooth Calling, Meta...","₹1,499","₹7,999",81% off,Free delivery,3.9,"71,538 Ratings "," 4,699 Reviews"
"boAt Ultima Regal w/ 5.1cm(2.01"") AMOLED Display,Functi...","₹2,799","₹9,999",72% off,Free delivery,4.3,696 Ratings , 85 Reviews
"Boult Drift BT Calling 1.69"" HD Display, 140+ Watchface...","₹1,399","₹7,999",82% off,Free delivery,4.1,"3,29,421 Ratings "," 19,269 Reviews"
"Noise Pulse 3 1.96'' Display, BT Calling, 100 Sports Mo...","₹1,399","₹6,999",80% off,Free delivery,4.1,"66,114 Ratings "," 3,707 Reviews"
"TEMPT Streak X Smartwatch for Women & Men, 2.01"" HD Dis...","₹1,498","₹7,999",81% off,Free delivery,3.9,192 Ratings , 57 Reviews
Fire-Boltt Ninja Talk 35.3mm (1.39) Round Bluetooth Cal...,"₹1,399","₹11,999",88% off,Free delivery,4.1,"3,72,371 Ratings "," 61,539 Reviews"
Fire-Boltt Hurricane 33.02mm (1.3) Curved Glass Display...,"₹1,399","₹8,999",84% off,Free delivery,4.1,"2,88,410 Ratings "," 33,227 Reviews"
"Noise Ultra 3 Luminary 1st Ever Personalised Alert, 1.9...","₹2,999","₹6,999",57% off,Free delivery,4.2,"32,119 Ratings "," 2,236 Reviews"
"INNOMAX S10 Alpha Plus 1.88"" Display Smart Watch with B...",₹650,"₹6,400",89% off,Free delivery,3.7,80 Ratings , 4 Reviews
"boAt Wave Call 2 Plus with 1.96’’(4.97cm), BT Calling, ...","₹1,449","₹7,499",80% off,Free delivery,4.1,"1,915 Ratings ", 91 Reviews
"Fire-Boltt Clikk 54.1mm (2.12 inch) AMOLED Display, Fro...","₹5,899","₹24,999",76% off,Free delivery,3.6,"3,424 Ratings ", 582 Reviews
"Fire-Boltt Rise Luxe Stainless Steel Luxury, 47mm (1.85...","₹1,599","₹14,999",89% off,Free delivery,4,"1,44,769 Ratings "," 14,252 Reviews"
"Ambrane Wise-Roam 2, 1.39"" Full HD display BT calling a...","₹1,499","₹6,499",76% off,Free delivery,4.1,"7,608 Ratings ", 498 Reviews
PunnkFunnk T800 ultra Series 8 smart watch with AI assi...,₹694,"₹2,999",76% off,Free delivery,3.6,543 Ratings , 17 Reviews
"Melbon TimeNova Smartwatch with Bluetooth Calling, Fitn...",₹807,"₹2,999",73% off,Free delivery,3.3,6 Ratings , 1 Reviews
"Cellecor 1.83"" BT Calling, 500 NITS, AI Voice Assistant...",₹999,"₹3,999",75% off,Free delivery,4.2,"3,696 Ratings ", 263 Reviews
"Noise Vision 3 with 1.96"" AMOLED display with Thin Beze...","₹2,999","₹7,999",62% off,Free delivery,4.2,"32,119 Ratings "," 2,236 Reviews"
GameSir T800 Ultra Bluetooth Calling Touch smart watch ...,₹706,"₹1,999",64% off,Free delivery,3.7,522 Ratings , 20 Reviews
"Melbon T800 Ultra BT calling, Multiple Watch Faces,Slee...",₹699,"₹2,999",76% off,Free delivery,3.7,195 Ratings , 8 Reviews
"Apple Watch Series 8 GPS + Cellular with ECG app, Tempe...","₹75,999","₹79,900",4% off,Free delivery,4.6,"4,011 Ratings ", 266 Reviews
Fastrack Revoltt FR2-1.38''|Advanced Blazing Fast UI|Wo...,"₹1,699","₹3,999",57% off,Upto ,4.2,"63,802 Ratings "," 2,893 Reviews"
"Boult Crown 1.95'' Screen, BT Calling, Working Crown, Z...","₹1,399","₹4,499",68% off,Free delivery,4.2,"1,04,703 Ratings "," 7,847 Reviews"
"Boult Trail Pro 2.01'' 3D Curved Display + AMOLED, 600 ...","₹1,899","₹6,999",72% off,Free delivery,4.1,"1,605 Ratings ", 189 Reviews
"Noise Champ 2 for Kids with Habit Building, IP68 Rating...","₹1,999","₹3,999",50% off,Free delivery,4.3,58 Ratings , 2 Reviews
"Sekyo Carepal Pro Plus Kids Video Calling, GPS Location...","₹5,123","₹6,999",26% off,Free delivery,2.8,6 Ratings , 0 Reviews
"Boult Crown 1.95'' Screen, BT Calling, Working Crown, Z...","₹1,499","₹4,499",66% off,Free delivery,4.2,"1,04,703 Ratings "," 7,847 Reviews"
"Noise Icon 3 1.91"" Display with Bluetooth Calling, Meta...","₹1,499","₹7,999",81% off,Free delivery,3.9,"71,538 Ratings "," 4,699 Reviews"
GameSir smartwatch Bluetooth Calling HD Display Fitness...,"₹1,599","₹4,999",68% off,Free delivery,3.4,N/A,N/A
"Melbon T800 Ultra Smart Watch: 1.99"" Touch Display, BT ...",₹702,"₹2,999",76% off,Free delivery,3.8,162 Ratings , 7 Reviews
"alt OG Bluetooth Calling, 1.69"" HD Display with AI Voic...","₹1,099","₹6,999",84% off,Free delivery,4,"44,741 Ratings "," 3,925 Reviews"
"Fire-Boltt Clikk 54.1mm (2.12 inch) AMOLED Display, Fro...","₹5,899","₹24,999",76% off,Free delivery,3.6,"3,424 Ratings ", 582 Reviews
"Boult Drift Max 2.01''HD Screen,BT Calling, Working Cro...","₹1,199","₹7,999",85% off,Free delivery,4.1,"2,436 Ratings ", 210 Reviews
"boAt Wave Call 2 Plus with 1.96’’(4.97cm), BT Calling, ...","₹1,449","₹7,499",80% off,Free delivery,4.1,"1,915 Ratings ", 91 Reviews
"Noise Champ 2 for Kids with Habit Building, IP71 Rating...","₹1,999","₹3,999",50% off,Free delivery,4.3,58 Ratings , 2 Reviews
"Noise Pro 5 1.85 AMOLED Always-on Display, DIY Watch fa...","₹3,499","₹8,999",61% off,Free delivery,4.3,"20,117 Ratings "," 1,409 Reviews"
"Fire-Boltt 48.5mm (1.91 inch) Display, BT Call, Steel D...","₹1,499","₹14,999",90% off,Free delivery,4.2,"7,237 Ratings ", 577 Reviews
"Fire-Boltt Rise Luxe Stainless Steel Luxury, 47mm (1.85...","₹1,599","₹14,999",89% off,Free delivery,4,"1,44,769 Ratings "," 14,252 Reviews"
"MORDEN i8 Pink 1.54"" HD Display BT Calling, Music Contr...",₹699,"₹2,999",76% off,Free delivery,3.4,615 Ratings , 39 Reviews
"F5 SmartTech Passion Smart Watch HD Display, Bluetooth ...",₹799,"₹5,999",86% off,Free delivery,3.5,N/A,N/A
Fastrack FR1|1.39 inch Super UltraVU Display(360*360)|A...,"₹1,795","₹5,995",70% off,Free delivery,4.2,"13,796 Ratings ", 751 Reviews
"Cellecor 1.83"" BT Calling, 500 NITS, AI Voice Assistant...",₹999,"₹3,999",75% off,Free delivery,4.2,"3,696 Ratings ", 263 Reviews
"boAt Wave Fury with 1.83'' HD Display, Bluetooth Callin...","₹1,399","₹6,999",80% off,Free delivery,4.1,"80,935 Ratings "," 3,895 Reviews"
"boAt Ultima Ember w/ 1.96''(4.97cm)AMOLED Screen,Person...","₹2,199","₹8,999",75% off,Free delivery,4.2,823 Ratings , 80 Reviews
"PunnkFunnk H9 Stay Connected, Stay Smart with Bluetooth...",₹980,"₹2,999",67% off,Free delivery,3.9,15 Ratings , 0 Reviews
"PunnkFunnk Crystal 1.99"" AMOLED Display Golden , Notifi...","₹1,024","₹3,999",74% off,Free delivery,3.3,N/A,N/A
"Boult Mirage 1.39"" Screen, BT Calling, Working Crown, Z...","₹1,799","₹4,999",64% off,Free delivery,4.1,"12,791 Ratings ", 774 Reviews
Noise Grace Women's Collection 1.1 AMOLED Display with ...,"₹3,499","₹5,999",41% off,Free delivery,4.4,"4,007 Ratings ", 270 Reviews
"WTG H9 LAXASFIT 2.01"" AMOLED Display Bluetooth Calling ...",₹928,"₹2,999",69% off,Free delivery,3.7,276 Ratings , 10 Reviews
PunnkFunnk 5G-Sim Support Safeguard The Safety for Girl...,"₹2,755","₹7,999",65% off,Free delivery,3.7,3 Ratings , 0 Reviews
"Boult Trail 2.01"" 3D Curved HD Display, Working Crown, ...","₹1,499","₹6,999",78% off,Free delivery,4.1,"28,376 Ratings "," 2,341 Reviews"
"CMF by Nothing Watch Pro 2, 1.32"" AMOLED, auto-brightne...","₹4,399","₹5,999",26% off,Free delivery,4.4,"14,655 Ratings "," 1,264 Reviews"
Fastrack Revolt X-1.83'|Blazing Fast UI|Single Sync BT ...,"₹1,499","₹2,799",46% off,Free delivery,4.2,"24,109 Ratings "," 1,043 Reviews"
"Fire-Boltt Dream WristPhone - 4G SIM/LTE/WiFi, Android ...","₹3,999","₹24,999",84% off,Free delivery,3.7,"23,839 Ratings "," 5,006 Reviews"
"Melbon -SafeGuard Kidswatch with 4G/5G, Video Calling, ...","₹2,755","₹7,999",65% off,Free delivery,5,3 Ratings , 0 Reviews
"PunnkFunnk EVO VISTA 1.39"" AMOLED Display, Fitness, Hea...","₹1,373","₹4,999",72% off,Free delivery,3.6,70 Ratings , 1 Reviews
"Fire-Boltt Talk : (1.43)AMOLED Display,700 NITS Bright,...","₹1,699","₹12,999",86% off,Free delivery,4.2,"4,285 Ratings ", 463 Reviews
Fire-Boltt Ninja Talk 35.3mm (1.39) Round Bluetooth Cal...,"₹1,799","₹11,999",85% off,Free delivery,4.1,"3,72,371 Ratings "," 61,539 Reviews"
GameSir T55 Full Touch Display IP67 Smart watch men and...,₹717,"₹1,999",64% off,Free delivery,4,6 Ratings , 0 Reviews
"PunnkFunnk XtraStorm 150+ Sports 1.9"" HD Display Notifi...","₹1,376","₹6,999",80% off,Free delivery,3.4,45 Ratings , 12 Reviews
"Noise Mettle 1.4'' display, Stainless Steel finish with...","₹2,199","₹7,999",72% off,Upto ,4.1,"18,828 Ratings "," 1,113 Reviews"
Google Pixel Watch 2 Smartwatch,"₹24,999","₹39,900",37% off,Upto ,4.5,823 Ratings , 75 Reviews
"Boult Sterling 1.52"" Rugged & Shock Proof Design, BT Ca...","₹1,299","₹5,999",78% off,Free delivery,4,"12,672 Ratings ", 967 Reviews
Fastrack Revoltt FS1-1.83''|BT Calling|Fast Charge|110+...,"₹1,499","₹3,995",62% off,Free delivery,4.2,"3,16,085 Ratings "," 20,634 Reviews"
"WTG Active 2 1.43"" AMOLED Always On Display Premium Des...","₹1,373","₹3,999",65% off,Free delivery,3.5,57 Ratings , 3 Reviews
"GameSir 1.43 Inch AMOLED HD Screen Wireless Call, AI Vo...","₹1,373","₹4,999",72% off,Free delivery,3.4,136 Ratings , 6 Reviews
Apple Watch Series 10 GPS 42mm Jet Black Aluminium with...,"₹46,900",N/A,N/A,Free delivery,4.7,842 Ratings , 49 Reviews
"Noise Icon 2 2025 - 1.81"" Display, 500 NITS BrightnessB...","₹1,299","₹5,999",78% off,Free delivery,4.1,"5,67,643 Ratings "," 37,149 Reviews"
"Melbon T800 Trending Bluetooth caliing,Game,Fitness, He...",₹720,"₹1,999",63% off,Free delivery,3.2,168 Ratings , 4 Reviews
"Melbon T-Strom Blk Touch Watch with Bluetooth calling, ...",₹986,"₹2,999",67% off,Free delivery,4,3 Ratings , 0 Reviews
Apple Watch Series 10 GPS 46mm Jet Black Aluminium with...,"₹49,900",N/A,N/A,Free delivery,4.7,842 Ratings , 49 Reviews
Fastrack FR1|1.39 inch Super UltraVU Display(360*360)|A...,"₹1,795","₹5,995",70% off,Free delivery,4.2,"13,796 Ratings ", 751 Reviews
Fastrack Revoltt Pro-1.97'' Super AMOLED Display|AOD|Wo...,"₹2,499","₹4,999",50% off,Free delivery,4.3,"1,37,227 Ratings "," 9,217 Reviews"
"Boult Pyro Rotating Bezel, 1.43"" AMOLED, 600 Nits, BT C...","₹2,499","₹7,999",68% off,Free delivery,4.1,707 Ratings , 80 Reviews
Melbon S9 Ultra Gold Full screen Touch Smart watch with...,"₹1,109","₹4,999",77% off,Free delivery,3.8,130 Ratings , 8 Reviews
Melbon S9 Ultra 24K Golden with Extra Strap Bluetooth c...,"₹1,119","₹1,999",44% off,Free delivery,3.5,37 Ratings , 3 Reviews
Fastrack Revolt Pro-1.97'' Super AMOLED Display|AOD|Wor...,"₹2,499","₹4,999",50% off,Free delivery,4.3,"1,37,227 Ratings "," 9,217 Reviews"
Fastrack Revoltt Pro-1.97'' Super AMOLED Display|AOD|Wo...,"₹2,499","₹4,999",50% off,Free delivery,4.3,"1,37,227 Ratings "," 9,217 Reviews"
"GameSir T55 Black HD Display Bluetooth Calling, Notific...",₹685,"₹2,999",77% off,Free delivery,3.4,92 Ratings , 2 Reviews
"Melbon SafeGuard Smartwatch for Kids: 4G/5G, GPS Tracki...","₹2,755","₹3,999",31% off,Free delivery,3.8,5 Ratings , 1 Reviews
Noise Evolve 4 1.46 AMOLED Always On Display with Premi...,"₹2,999","₹7,999",62% off,Free delivery,4.3,"4,750 Ratings ", 329 Reviews
"Fire-Boltt 48.5mm (1.91 inch) Display, BT Call, Steel D...","₹1,499","₹14,999",90% off,Free delivery,4.2,"7,237 Ratings ", 577 Reviews
"CMF by Nothing Watch Pro 2, 1.32"" AMOLED, auto-brightne...","₹4,399","₹5,999",26% off,Free delivery,4.4,"14,655 Ratings "," 1,264 Reviews"
"CMF by Nothing Watch Pro 2, 1.32"" AMOLED, auto-brightne...","₹4,399","₹5,999",26% off,Free delivery,4.4,"14,655 Ratings "," 1,264 Reviews"
Melbon Trendy Design–The Perfect Valentine’s Gift for Y...,"₹1,709","₹4,999",65% off,Free delivery,3.5,4 Ratings , 0 Reviews
"PunnkFunnk S9 Ultra Watch HD 24k Golden Design, Wireles...","₹1,134","₹4,999",77% off,Free delivery,3.5,114 Ratings , 5 Reviews
"Noise Evolve 3 1.43"" AMOLED Always-On Display with Blue...","₹2,499","₹8,999",72% off,Free delivery,4.2,"98,393 Ratings "," 7,315 Reviews"
"Boult Trail 2.01"" 3D Curved HD Display, Working Crown, ...","₹1,499","₹6,999",78% off,Free delivery,4.1,"28,376 Ratings "," 2,341 Reviews"
"PunnkFunnk H9-LAXA 2.19"" Amoled Display, Smart Notifier...",₹986,"₹3,999",75% off,Free delivery,3.8,8 Ratings , 0 Reviews
"GameSir Gze Smartwatch with Bluetooth Calling, Fitness ...","₹1,376","₹2,999",54% off,Free delivery,3.8,15 Ratings , 0 Reviews
"Fire-Boltt Rise Bluetooth Calling 47mm (1.85), Metal Bo...","₹1,499","₹11,999",87% off,Free delivery,4,"1,44,769 Ratings "," 14,252 Reviews"
"Noise Icon 3 1.91"" Display with Bluetooth Calling, Meta...","₹1,799","₹7,999",77% off,Free delivery,3.9,"71,538 Ratings "," 4,699 Reviews"
"alt OG Max with 1.8InchHD Display, BT Calling and AI Vo...",₹949,"₹7,999",88% off,Free delivery,4.2,"24,184 Ratings "," 1,874 Reviews"
"Boult Crown 1.95'' Screen, BT Calling, Working Crown, Z...","₹1,399","₹4,499",68% off,Free delivery,4.2,"1,04,703 Ratings "," 7,847 Reviews"
"GameSir Gaze Smartwatch with Bluetooth Calling, Fitness...","₹1,376","₹2,999",54% off,Free delivery,3.8,15 Ratings , 0 Reviews
"GameSir Gaze Smartwatch with Bluetooth Calling, Fitness...","₹1,376","₹2,999",54% off,Free delivery,3.8,15 Ratings , 0 Reviews
"realme Watch S2, 1.43"" AMOLED Display, Super AI Engine ...","₹3,999","₹7,999",50% off,Free delivery,4.3,"3,978 Ratings ", 354 Reviews
"Fire-Boltt Talk : (1.43)AMOLED Display,700 NITS Bright,...","₹1,699","₹12,999",86% off,Free delivery,4.2,"4,285 Ratings ", 463 Reviews
